Image File,Emotion,Landmark 1 (x),Landmark 1 (y),Landmark 2 (x),Landmark 2 (y),Landmark 3 (x),Landmark 3 (y),Landmark 4 (x),Landmark 4 (y),Landmark 5 (x),Landmark 5 (y),Landmark 6 (x),Landmark 6 (y),Landmark 7 (x),Landmark 7 (y),Landmark 8 (x),Landmark 8 (y),Landmark 9 (x),Landmark 9 (y),Landmark 10 (x),Landmark 10 (y),Landmark 11 (x),Landmark 11 (y),Landmark 12 (x),Landmark 12 (y),Landmark 13 (x),Landmark 13 (y),Landmark 14 (x),Landmark 14 (y),Landmark 15 (x),Landmark 15 (y),Landmark 16 (x),Landmark 16 (y),Landmark 17 (x),Landmark 17 (y),Landmark 18 (x),Landmark 18 (y),Landmark 19 (x),Landmark 19 (y),Landmark 20 (x),Landmark 20 (y),Landmark 21 (x),Landmark 21 (y),Landmark 22 (x),Landmark 22 (y),Landmark 23 (x),Landmark 23 (y),Landmark 24 (x),Landmark 24 (y),Landmark 25 (x),Landmark 25 (y),Landmark 26 (x),Landmark 26 (y),Landmark 27 (x),Landmark 27 (y),Landmark 28 (x),Landmark 28 (y),Landmark 29 (x),Landmark 29 (y),Landmark 30 (x),Landmark 30 (y),Landmark 31 (x),Landmark 31 (y),Landmark 32 (x),Landmark 32 (y),Landmark 33 (x),Landmark 33 (y),Landmark 34 (x),Landmark 34 (y),Landmark 35 (x),Landmark 35 (y),Landmark 36 (x),Landmark 36 (y),Landmark 37 (x),Landmark 37 (y),Landmark 38 (x),Landmark 38 (y),Landmark 39 (x),Landmark 39 (y),Landmark 40 (x),Landmark 40 (y),Landmark 41 (x),Landmark 41 (y),Landmark 42 (x),Landmark 42 (y),Landmark 43 (x),Landmark 43 (y),Landmark 44 (x),Landmark 44 (y),Landmark 45 (x),Landmark 45 (y),Landmark 46 (x),Landmark 46 (y),Landmark 47 (x),Landmark 47 (y),Landmark 48 (x),Landmark 48 (y),Landmark 49 (x),Landmark 49 (y),Landmark 50 (x),Landmark 50 (y),Landmark 51 (x),Landmark 51 (y),Landmark 52 (x),Landmark 52 (y),Landmark 53 (x),Landmark 53 (y),Landmark 54 (x),Landmark 54 (y),Landmark 55 (x),Landmark 55 (y),Landmark 56 (x),Landmark 56 (y),Landmark 57 (x),Landmark 57 (y),Landmark 58 (x),Landmark 58 (y),Landmark 59 (x),Landmark 59 (y),Landmark 60 (x),Landmark 60 (y),Landmark 61 (x),Landmark 61 (y),Landmark 62 (x),Landmark 62 (y),Landmark 63 (x),Landmark 63 (y),Landmark 64 (x),Landmark 64 (y),Landmark 65 (x),Landmark 65 (y),Landmark 66 (x),Landmark 66 (y),Landmark 67 (x),Landmark 67 (y),Landmark 68 (x),Landmark 68 (y)
Training_99971684.jpg,happy,35,160,44,206,59,249,71,291,87,333,113,368,150,392,193,403,239,404,283,401,325,389,359,362,380,321,387,275,389,227,391,179,389,129,50,138,68,118,96,110,126,111,156,119,227,114,256,98,289,91,322,93,351,108,196,151,200,183,203,214,206,245,179,266,194,271,211,274,227,267,242,259,89,164,108,149,133,145,157,162,133,170,108,172,246,154,268,134,293,132,315,144,296,156,270,157,151,321,173,311,197,304,216,307,232,300,262,301,293,304,269,335,242,349,223,354,204,353,177,344,161,323,199,322,217,322,234,318,284,307,238,322,220,327,202,326
Training_99973350.jpg,happy,55,196,63,236,74,275,93,316,113,349,139,379,169,400,208,414,252,418,305,414,363,397,403,362,432,316,452,264,455,206,448,147,439,93,42,106,47,87,64,77,84,77,107,83,182,66,217,42,255,29,299,31,340,45,152,134,151,176,149,218,148,258,148,286,162,292,178,293,195,280,211,267,67,168,78,146,106,141,131,155,108,170,83,175,229,131,249,109,278,102,306,111,287,128,258,134,161,358,161,343,176,334,194,334,212,323,251,320,292,321,267,353,240,369,218,377,199,380,177,375,168,356,184,352,201,348,220,342,280,326,225,345,206,350,188,353
Training_99976548.jpg,happy,55,160,60,202,64,242,70,280,85,317,115,344,151,365,193,381,235,386,270,380,295,358,314,331,331,301,340,269,343,234,341,199,340,165,113,149,134,129,165,122,196,125,224,137,251,134,275,125,300,122,323,131,332,153,238,163,241,183,244,202,248,223,200,236,221,240,241,247,260,242,277,237,144,163,162,157,179,158,196,167,179,166,161,165,261,168,277,159,293,159,308,167,295,168,279,169,157,272,188,259,220,256,240,260,262,257,285,262,305,276,284,299,262,307,240,309,217,307,186,297,165,273,219,268,241,270,262,268,297,276,262,290,240,291,218,289
Training_99696055.jpg,happy,18,211,40,254,64,297,92,336,128,367,174,390,224,402,274,411,314,404,348,382,373,345,395,303,407,253,406,202,397,152,388,100,373,51,28,160,39,139,60,129,83,122,110,120,189,84,213,57,243,39,279,30,317,37,167,141,178,171,188,201,198,231,185,258,203,257,221,254,235,239,247,226,74,190,87,170,109,161,132,169,114,181,93,189,228,127,240,100,263,87,289,89,275,106,252,118,169,314,185,292,210,279,235,274,256,261,294,250,332,246,320,308,291,344,267,357,240,362,204,351,177,313,218,291,243,285,265,273,324,255,277,319,253,331,227,337
Training_99966265.jpg,happy,32,119,25,165,23,211,29,253,42,294,64,332,91,365,123,391,159,404,198,402,235,383,268,356,300,326,324,290,343,252,357,213,365,171,67,94,94,83,126,87,155,101,181,117,264,124,292,117,319,113,345,118,360,136,218,156,213,188,210,219,205,250,163,258,179,266,197,275,216,273,232,269,95,136,118,128,142,134,161,155,137,152,112,147,262,169,285,153,308,154,326,167,308,174,285,173,108,295,139,293,173,295,190,302,210,301,237,308,259,316,232,352,201,365,179,365,159,360,128,340,117,300,169,309,188,314,207,315,248,318,204,341,183,341,164,337
Training_99666856.jpg,happy,49,132,48,175,49,217,52,260,64,299,85,336,111,368,138,395,174,403,210,402,241,380,268,353,296,324,318,292,331,257,343,219,353,177,85,121,108,108,136,107,162,117,185,134,241,142,266,134,292,131,317,139,334,156,209,164,205,195,201,226,197,256,163,252,177,262,193,272,210,267,226,262,111,152,129,143,149,147,165,164,145,163,125,159,245,175,263,162,283,164,300,177,283,180,264,179,114,278,140,274,168,278,190,283,211,282,238,284,262,294,236,330,206,345,184,346,160,341,133,320,121,282,167,287,188,292,210,291,254,296,208,328,186,329,164,324
Training_99644162.jpg,happy,18,134,25,182,35,230,50,276,73,315,104,353,136,385,170,404,208,405,244,397,270,368,292,332,313,294,327,253,334,208,338,160,339,112,50,122,70,107,97,102,125,106,152,115,210,112,233,99,258,93,284,94,307,104,183,145,185,179,187,213,189,247,155,253,172,260,190,265,207,258,222,250,86,150,104,142,123,143,141,154,122,155,103,155,223,148,239,135,257,134,273,138,260,146,242,148,128,299,149,298,174,298,192,301,210,296,235,293,257,291,240,338,218,360,198,365,177,362,150,340,135,303,175,304,193,306,211,302,250,297,215,340,196,344,177,340
Training_99625947.jpg,happy,33,127,36,175,42,223,51,270,64,314,86,354,118,387,157,407,204,411,250,405,289,385,323,353,347,313,360,266,367,217,369,168,369,120,55,85,69,56,97,40,129,36,159,46,233,46,263,34,294,34,324,49,339,78,197,93,198,121,199,149,200,178,158,204,178,209,200,215,221,209,238,203,90,110,109,96,132,95,154,110,132,115,109,116,240,108,262,93,286,93,305,105,287,112,264,112,121,280,145,257,177,249,198,253,221,248,254,255,279,274,256,315,225,333,200,336,176,335,144,321,129,279,177,262,198,263,222,260,270,274,222,308,199,312,176,310
Training_99764347.jpg,happy,-9,127,-11,179,-9,233,-3,286,13,333,50,371,95,396,144,407,193,410,233,406,263,388,293,358,318,325,337,288,347,246,348,208,348,170,53,70,84,43,125,31,167,37,198,61,257,69,283,60,309,62,330,81,337,106,232,112,235,132,241,151,247,171,183,210,207,214,228,218,244,217,257,215,88,113,116,106,141,109,162,121,140,122,114,120,256,134,282,129,302,136,313,148,298,147,279,142,117,285,155,254,200,243,219,249,241,248,264,263,271,297,258,336,233,354,210,356,187,354,148,335,128,283,196,260,216,262,236,264,264,292,236,329,214,331,193,329
Training_99787118.jpg,happy,96,112,88,147,86,183,89,220,95,256,104,292,117,327,131,360,159,380,199,385,252,378,304,354,348,325,381,286,400,237,411,184,420,128,85,67,96,58,112,60,128,67,143,76,193,80,230,74,267,76,303,92,331,113,163,107,153,129,142,151,131,174,124,193,132,203,144,209,162,208,180,206,105,98,115,83,133,87,147,107,129,108,112,106,223,118,242,101,266,105,288,123,265,127,241,124,126,266,124,242,133,236,146,242,162,241,194,255,223,284,195,310,164,320,146,318,131,312,123,294,132,266,134,247,146,250,163,253,213,280,164,303,146,301,133,295
Training_99905741.jpg,happy,104,179,101,210,104,243,116,276,133,309,153,338,175,366,197,394,226,405,262,403,301,385,341,358,376,323,396,282,402,233,402,182,399,133,95,134,103,123,116,123,132,125,147,131,204,118,231,102,262,96,293,100,321,110,179,160,177,186,174,212,172,239,163,257,175,262,189,265,206,259,223,253,115,170,127,158,145,157,162,168,145,171,128,173,238,157,253,142,273,140,293,148,276,154,257,157,161,294,169,287,185,284,201,286,220,282,259,282,302,285,268,322,232,337,211,340,193,337,175,323,169,298,187,296,203,296,223,294,294,288,228,320,208,321,191,318
Training_99762935.jpg,happy,22,144,22,193,25,240,37,286,61,326,96,359,137,385,178,403,220,405,255,395,278,365,305,333,325,298,340,262,350,225,353,190,350,155,94,117,122,101,154,92,188,93,218,103,264,107,289,99,313,98,335,105,347,123,248,134,253,160,258,186,264,213,208,234,228,240,248,248,265,243,278,236,128,142,148,132,169,131,187,142,168,143,148,144,272,145,292,134,311,135,325,147,310,148,291,147,142,273,182,266,220,265,239,270,256,267,276,271,289,278,271,309,251,324,232,326,211,323,176,307,151,275,218,279,237,281,255,280,280,281,252,303,233,306,214,304
Training_99770266.jpg,happy,84,169,83,203,88,238,98,272,110,305,125,340,143,371,166,399,203,405,247,404,295,386,338,360,374,327,396,286,405,239,411,191,414,141,70,118,82,103,102,105,123,112,144,123,193,113,229,99,266,91,305,93,340,107,171,154,166,185,160,215,155,246,148,261,157,269,169,273,186,267,203,261,96,159,107,145,129,146,150,162,129,168,107,169,232,159,248,139,274,139,299,152,279,162,254,164,145,310,151,301,165,297,178,301,195,297,226,301,262,306,231,333,201,344,183,346,168,343,154,334,154,314,167,315,180,316,197,315,249,309,198,317,180,319,167,317
Training_99906271.jpg,happy,70,140,68,181,68,222,74,262,90,299,117,331,148,358,183,380,219,387,250,380,275,354,296,325,314,293,328,260,337,227,343,195,345,164,129,116,151,100,180,95,208,100,233,112,280,118,299,110,319,107,338,113,347,130,255,142,256,167,259,192,261,218,219,232,234,238,249,244,263,240,274,235,158,138,175,133,192,134,206,144,190,146,173,144,279,149,295,141,311,142,322,151,310,155,294,153,172,270,201,266,227,265,241,270,253,268,266,272,277,281,263,303,247,313,233,314,218,311,194,298,181,272,224,277,239,280,251,279,269,282,249,293,237,295,222,292
Training_99796241.jpg,happy,42,206,54,237,66,266,82,296,104,319,135,335,171,346,208,354,244,352,275,338,298,316,319,292,332,264,336,233,333,198,327,166,321,135,68,160,79,139,100,122,127,114,155,114,206,103,226,90,249,86,272,90,290,104,190,132,196,142,202,152,208,164,186,203,200,201,215,198,226,193,236,189,105,172,117,162,132,155,150,155,137,161,122,167,227,137,240,130,254,126,270,129,257,133,242,135,159,261,176,237,201,223,217,222,229,216,252,221,270,236,261,269,241,285,227,289,209,292,182,284,166,258,203,234,219,232,232,228,263,237,236,265,222,270,206,272
Training_99930194.jpg,happy,39,163,47,212,58,259,67,304,82,345,109,380,147,402,190,414,239,417,289,411,333,394,369,363,392,320,401,274,402,224,403,174,402,123,58,147,76,122,108,113,141,113,172,124,231,114,262,97,297,88,334,90,363,110,204,151,206,186,207,220,210,254,181,272,199,278,218,282,238,273,256,263,103,165,123,155,146,152,168,164,146,169,123,170,257,152,278,137,301,134,323,140,304,150,281,153,160,321,184,320,207,315,226,318,245,311,272,309,303,309,279,331,252,341,232,345,211,345,186,340,170,324,208,325,228,325,247,321,292,313,249,323,229,327,209,327
Training_99792731.jpg,happy,77,201,81,239,89,276,101,312,117,347,138,379,166,404,204,419,244,421,288,415,329,400,360,373,380,335,387,289,387,242,386,193,382,147,68,142,78,122,98,115,120,116,144,124,209,110,239,91,270,79,305,80,335,96,182,154,184,181,184,207,185,234,172,261,184,264,199,265,215,258,231,251,96,181,109,161,133,158,155,176,134,186,110,189,240,158,257,132,284,127,308,141,290,155,264,160,165,337,172,306,193,291,211,292,230,285,269,292,303,316,282,357,250,375,229,379,208,380,183,367,174,335,197,307,215,305,234,301,294,318,242,357,223,360,203,360
Training_99956118.jpg,happy,44,155,51,201,62,244,76,287,94,328,123,366,160,394,206,410,256,412,307,407,350,388,381,351,399,302,402,247,403,193,406,140,404,84,59,118,77,94,106,84,139,81,172,86,226,77,261,61,300,52,339,57,373,74,202,109,205,149,209,189,212,230,175,241,198,251,223,259,247,246,269,233,98,128,117,114,139,110,164,122,140,127,118,130,263,108,285,88,311,84,335,93,314,101,289,105,155,287,180,280,206,276,232,281,256,272,296,271,335,275,305,310,268,326,242,330,215,327,186,315,167,289,209,289,234,292,260,286,325,278,263,305,238,309,211,305
Training_99911960.jpg,happy,60,227,61,262,62,298,69,334,89,363,120,384,156,399,195,407,233,408,263,402,279,382,290,358,297,332,303,306,305,281,304,256,301,231,132,215,156,205,183,205,209,208,234,216,253,218,269,210,285,206,300,205,310,215,245,234,250,253,255,271,259,290,220,298,234,304,250,309,261,306,271,299,164,234,179,229,193,228,204,235,191,237,178,237,258,236,271,231,284,231,291,237,282,239,270,239,185,329,211,325,233,325,246,327,256,325,265,326,272,330,264,341,254,345,243,346,229,345,209,340,192,330,232,331,245,333,255,332,268,331,254,334,244,335,231,333
Training_99709257.jpg,happy,19,159,23,204,30,248,39,292,55,334,84,368,122,395,165,413,214,416,259,409,297,387,328,355,351,318,362,275,365,230,366,186,364,143,49,143,72,124,103,117,135,119,167,129,231,126,259,114,289,110,318,113,341,128,201,158,203,187,205,217,206,247,164,264,185,269,208,274,229,267,250,259,88,163,108,155,131,155,154,166,130,169,107,168,247,162,266,148,289,146,310,153,291,159,269,162,114,303,148,295,183,293,210,297,234,291,268,291,300,294,272,330,239,349,212,353,184,351,147,337,122,306,183,306,210,308,235,304,291,299,237,330,210,334,183,332
Training_99707061.jpg,happy,16,191,22,231,30,272,39,311,59,346,89,370,130,388,174,401,216,403,257,393,295,371,333,348,362,318,377,281,382,239,385,198,386,157,43,143,57,116,85,101,116,98,144,104,215,94,244,81,277,79,309,88,331,111,184,156,185,179,187,201,189,223,154,252,174,254,193,256,212,250,230,245,78,179,98,170,120,169,138,179,121,185,98,184,237,168,254,154,276,151,296,156,281,165,259,170,123,311,149,293,177,282,195,283,217,279,251,285,282,295,257,332,226,350,202,355,182,354,151,344,135,311,179,296,197,296,219,292,269,297,222,325,199,328,180,329
Training_99608984.jpg,happy,11,164,11,211,12,257,15,303,27,345,52,377,91,396,135,406,186,409,236,410,282,402,320,385,345,354,361,318,370,277,375,236,377,194,56,126,82,103,117,98,151,104,183,119,248,125,279,119,310,121,339,132,355,158,214,157,214,187,215,217,215,247,171,261,189,267,209,274,227,271,244,268,93,155,114,143,137,146,158,165,134,167,110,164,258,175,279,160,302,162,320,177,301,183,279,181,113,306,147,299,182,296,205,302,227,300,254,306,278,319,252,341,223,349,198,349,173,346,141,335,123,309,179,312,203,316,226,315,268,320,225,326,201,326,177,324
Training_99702971.jpg,happy,53,205,54,233,59,261,69,288,83,314,103,337,125,356,148,374,178,377,209,369,237,351,264,330,286,304,299,273,303,239,302,204,300,170,53,178,65,166,82,164,101,166,118,172,164,166,184,155,207,148,230,146,254,151,143,191,143,209,143,228,143,247,126,264,138,265,151,266,165,260,179,256,75,200,88,192,104,191,120,200,104,201,88,203,186,190,199,178,215,175,231,179,218,185,203,188,108,292,123,283,143,279,158,279,174,275,204,274,233,277,211,313,184,331,166,335,150,335,127,322,117,294,144,288,159,288,176,284,227,280,180,314,163,317,147,317
Training_99712442.jpg,sad,71,203,76,239,84,274,97,308,110,341,129,372,158,397,194,413,236,416,282,412,328,400,364,375,391,338,400,293,402,246,403,199,401,151,72,158,88,141,111,136,136,136,163,140,213,129,243,113,276,105,310,104,343,114,189,163,191,191,192,220,194,248,177,279,191,281,207,283,224,275,240,267,100,192,114,180,134,175,158,183,137,190,117,194,248,166,266,153,288,150,311,155,291,163,270,166,158,336,175,324,197,315,216,316,234,309,269,307,307,308,280,347,248,364,228,369,207,370,182,362,167,338,200,330,218,329,237,323,298,314,242,341,223,345,203,346
Training_99774682.jpg,sad,57,114,58,158,64,199,69,240,79,280,100,316,127,349,153,380,189,395,232,397,270,378,306,350,337,313,357,272,371,226,383,178,389,128,73,118,95,107,121,107,148,113,175,123,218,128,250,124,282,123,311,129,338,142,193,149,189,186,186,222,182,259,152,255,166,266,185,276,206,270,225,263,104,145,121,144,140,145,157,152,137,154,119,153,240,160,260,156,281,160,303,163,280,169,259,166,131,293,150,296,169,298,185,305,201,302,224,305,251,308,223,323,200,327,182,327,165,322,148,310,140,297,167,307,185,312,201,312,240,310,201,311,184,311,167,306
Training_99776022.jpg,sad,26,152,35,198,45,244,54,290,69,334,93,372,126,399,166,416,214,419,264,417,308,403,347,375,377,336,393,290,399,237,401,187,404,134,49,112,63,83,95,71,130,72,164,84,220,81,257,66,297,62,337,73,365,97,194,122,192,157,189,192,187,227,155,261,174,266,196,270,220,263,243,256,81,141,100,128,128,126,153,139,128,148,102,150,255,132,277,118,304,118,327,129,306,140,279,139,134,330,160,320,183,311,201,315,221,307,251,312,287,318,255,339,227,348,206,350,187,351,163,347,146,332,185,327,203,327,223,323,273,321,224,327,204,331,186,330
Training_99783041.jpg,sad,91,239,110,274,132,304,158,330,190,349,227,360,265,365,301,367,331,359,355,344,370,323,379,293,385,258,387,220,383,182,376,143,364,105,102,203,116,187,139,177,165,171,193,171,247,149,266,126,289,107,317,95,344,98,235,190,247,220,259,250,271,280,244,289,262,292,281,293,296,279,308,266,138,227,152,222,170,213,193,209,177,221,158,228,278,176,291,166,310,157,331,149,318,164,299,173,250,326,265,319,278,311,292,310,302,300,319,293,342,283,333,304,321,317,309,325,296,329,276,331,258,324,283,319,296,316,308,309,335,288,311,303,300,310,287,314
Training_99823693.jpg,sad,126,164,120,194,117,224,119,253,127,278,141,300,161,318,181,333,201,339,221,339,240,329,258,314,273,296,286,277,298,257,306,237,312,216,169,134,186,126,206,125,224,131,239,144,265,154,280,152,294,155,306,163,311,176,246,179,245,199,244,220,243,240,217,247,224,252,232,258,240,258,248,256,181,163,194,159,208,163,215,176,203,176,190,172,263,188,275,181,287,184,293,194,284,196,273,194,192,282,206,274,220,271,227,275,234,274,239,283,238,298,233,301,225,303,218,302,210,299,200,292,198,282,217,281,224,283,231,285,232,295,228,290,222,290,214,287
Training_99604040.jpg,sad,40,175,46,216,55,255,66,294,81,331,104,363,136,389,173,404,219,407,265,403,303,385,332,356,353,318,365,278,371,236,377,194,379,151,62,138,84,125,110,121,138,120,166,126,224,122,254,110,285,107,315,111,341,124,198,155,199,182,200,211,201,239,172,260,187,265,204,268,221,262,237,257,93,176,112,170,133,168,154,174,132,182,111,183,248,169,267,161,289,159,310,163,291,172,270,174,136,314,156,298,184,292,206,296,227,290,258,294,286,309,262,341,233,354,210,356,186,354,158,341,147,315,185,311,207,312,228,310,274,311,230,328,208,330,185,328
Training_99637433.jpg,sad,41,163,46,193,57,222,74,251,95,279,118,306,141,330,166,351,197,352,235,340,275,317,312,291,343,260,359,220,361,174,359,124,354,74,17,114,19,91,36,79,57,73,79,75,137,57,169,32,205,18,244,22,275,39,118,104,119,134,120,163,121,192,108,211,124,215,142,217,161,206,178,194,48,139,59,124,76,119,98,123,82,131,64,138,179,96,195,78,216,72,242,75,223,85,201,92,114,256,119,245,131,238,147,236,163,227,194,223,235,221,208,254,184,274,165,282,148,285,130,280,122,256,138,249,152,245,170,239,226,226,175,254,156,261,141,265
Training_99996831.jpg,sad,1,161,-1,204,-1,246,-1,288,11,327,40,357,80,377,122,392,166,399,207,401,239,386,263,363,280,335,290,304,298,275,306,243,313,211,61,122,87,103,118,94,149,98,178,111,233,120,260,120,286,130,305,148,311,172,205,154,206,178,206,202,207,227,165,243,178,249,192,255,204,256,215,255,92,145,111,135,132,139,148,156,128,156,107,153,230,173,248,163,268,168,279,185,265,186,246,181,109,290,140,280,168,277,185,284,202,283,220,294,234,314,213,317,193,315,176,312,158,308,134,302,118,291,165,293,182,298,199,299,226,311,198,301,180,299,163,295
Training_99943858.jpg,sad,65,180,71,215,78,247,86,281,99,315,117,345,145,368,176,384,208,387,240,382,268,366,292,345,312,317,324,285,332,249,338,214,341,177,73,162,93,146,120,145,147,151,175,159,232,159,256,149,280,143,306,143,326,156,208,182,210,205,212,229,214,252,185,269,198,273,211,276,224,272,235,268,109,185,125,174,147,173,163,189,145,195,123,195,245,186,260,171,281,170,298,180,283,191,262,192,161,322,179,311,197,303,209,306,220,302,238,309,253,320,239,332,222,337,210,338,197,338,179,333,170,322,197,315,209,316,220,315,245,320,221,319,210,320,197,320
Training_99708984.jpg,sad,13,123,8,174,9,224,10,274,22,320,45,360,77,392,118,409,162,416,204,415,244,404,274,384,298,353,317,317,331,277,343,235,351,192,58,93,87,78,123,79,156,92,186,111,251,118,280,108,307,105,333,112,348,134,211,159,208,190,206,220,204,250,159,272,177,279,195,286,213,284,231,281,89,145,114,137,140,140,158,161,134,162,108,158,251,175,276,161,299,162,315,177,299,186,274,183,117,331,147,320,174,315,190,322,207,318,226,329,245,348,223,364,201,369,184,369,166,365,141,354,128,332,170,334,188,338,204,338,236,347,204,342,187,342,170,338
Training_99987906.jpg,sad,-2,178,5,228,13,276,29,320,58,355,99,383,146,400,198,405,246,399,284,384,310,357,330,325,347,288,353,247,351,204,346,163,340,122,44,156,67,133,100,122,136,120,170,126,226,114,250,97,276,86,303,81,322,93,206,152,214,185,223,216,232,248,184,273,208,276,230,278,248,269,263,258,86,174,107,160,132,156,153,169,135,177,109,180,239,149,256,128,279,123,296,130,286,143,263,149,146,319,183,313,212,308,230,308,249,301,270,295,296,286,275,301,258,312,239,319,221,323,188,325,157,317,215,316,232,315,252,308,286,291,253,300,234,307,217,310
Training_99675632.jpg,sad,-5,149,7,196,23,243,40,289,62,330,96,366,140,392,191,406,242,404,286,396,320,369,346,332,367,289,376,242,379,195,382,148,379,103,27,110,55,91,89,82,126,79,162,83,218,72,249,62,279,55,312,52,341,62,196,121,202,154,208,188,215,222,178,255,199,256,218,257,234,250,249,243,68,144,91,128,119,127,142,142,119,149,91,151,243,127,263,105,290,101,314,110,296,123,270,128,144,313,173,304,202,294,220,296,240,289,268,292,296,295,274,318,249,333,228,339,208,339,177,331,156,314,203,312,222,312,242,307,284,299,244,309,224,315,206,315
Training_99625114.jpg,sad,35,177,40,215,46,254,60,289,86,323,119,346,154,364,186,381,220,382,253,369,287,347,328,324,362,296,384,258,392,211,390,162,385,114,54,131,65,113,85,106,108,106,130,115,175,107,205,96,237,92,269,94,299,105,164,148,166,169,168,191,170,214,147,243,163,245,179,245,195,241,212,235,88,155,101,147,120,147,137,156,120,159,102,160,213,147,228,136,247,136,268,140,250,146,232,150,134,290,152,279,172,271,190,273,208,266,237,265,273,271,245,290,219,301,200,305,181,307,159,305,144,290,174,280,192,277,210,274,260,273,214,286,195,290,177,290
Training_99869334.jpg,sad,49,165,53,205,60,244,67,284,80,321,102,355,133,384,167,402,208,405,250,403,287,386,318,359,342,325,357,287,365,246,370,205,374,163,73,134,93,115,121,110,151,115,177,127,238,125,265,112,296,108,324,114,344,133,209,162,209,187,209,211,209,236,180,260,194,263,209,266,224,264,238,260,108,166,126,158,148,157,167,170,147,176,125,175,250,169,269,156,291,156,310,165,292,174,271,174,155,321,174,307,194,298,207,302,221,299,242,309,262,323,243,342,222,349,207,350,191,348,172,340,164,321,193,318,207,319,221,318,252,323,221,324,207,324,193,323
Training_99899645.jpg,sad,34,42,38,94,44,142,53,189,67,230,96,265,131,292,163,319,200,332,239,334,276,319,317,298,352,267,376,227,390,181,400,132,408,80,60,38,89,20,126,14,165,19,200,32,251,32,291,25,332,25,369,36,394,61,223,70,221,100,219,131,217,162,178,188,195,194,213,200,232,198,250,195,101,62,125,53,153,55,173,75,149,81,122,78,274,84,298,65,325,68,348,82,326,94,299,93,143,243,170,233,195,228,211,235,229,231,251,243,274,260,248,268,224,271,207,270,190,266,167,257,155,244,194,244,209,249,227,247,263,257,225,247,208,247,192,243
Training_99833178.jpg,sad,27,169,30,210,34,251,40,292,55,331,82,364,120,387,162,403,209,405,256,400,298,382,336,358,362,323,376,282,381,240,385,196,389,152,62,137,84,124,114,120,143,123,172,130,224,132,252,125,283,122,313,124,339,136,196,158,195,180,195,202,194,225,163,251,179,255,198,260,217,255,236,249,94,164,113,156,133,156,153,166,132,169,112,168,245,166,263,156,284,156,304,163,285,168,264,169,132,306,155,292,181,286,202,290,221,284,250,289,278,303,253,323,225,332,204,334,182,332,156,326,142,307,181,302,203,303,222,300,267,304,223,312,203,314,182,312
Training_99834323.jpg,sad,32,155,33,188,40,223,48,257,59,292,78,326,105,353,135,375,174,382,225,378,278,364,331,343,373,314,399,275,410,227,416,177,422,126,12,107,22,87,43,82,67,85,91,93,157,81,199,65,243,59,288,67,328,86,126,128,122,149,118,169,112,190,101,224,115,227,129,228,147,224,163,221,46,144,57,124,81,122,101,142,83,150,58,152,198,131,219,105,249,104,278,119,254,132,224,135,92,305,99,281,113,266,127,269,145,263,178,275,214,295,187,312,158,320,138,322,122,323,105,317,102,301,117,289,131,288,149,285,198,293,152,292,134,294,119,295
Training_99641959.jpg,angry,45,180,45,209,46,236,50,264,59,289,76,310,99,326,126,338,154,343,182,340,207,330,230,315,246,295,254,271,261,247,267,222,270,197,80,139,95,127,115,121,136,122,155,130,187,132,204,128,223,131,240,139,251,153,168,154,168,172,167,189,166,208,144,223,153,227,163,230,173,229,182,226,99,160,111,152,125,153,139,162,124,164,110,163,191,166,204,158,218,161,230,171,217,172,203,170,120,266,133,251,148,245,159,248,169,247,181,255,191,272,179,280,167,284,156,285,144,283,131,278,126,265,147,257,159,258,168,259,183,270,167,268,157,268,146,266
Training_99847717.jpg,angry,66,168,65,205,67,243,80,283,98,317,118,350,143,380,171,401,207,409,250,411,295,406,339,390,374,360,397,317,406,266,412,213,417,160,89,83,103,64,123,53,147,52,171,63,214,62,247,50,286,51,322,67,351,91,187,101,181,120,174,140,166,160,156,200,167,205,181,207,197,204,214,199,110,122,121,101,141,100,160,119,141,121,122,123,244,117,261,96,285,99,309,117,285,118,263,117,164,304,165,261,178,241,190,243,202,237,233,257,262,296,241,325,216,335,202,337,188,336,174,323,172,299,181,260,192,258,204,257,252,293,212,314,198,315,186,312
Training_99654709.jpg,angry,55,175,51,204,52,236,57,268,64,302,75,336,89,367,106,395,134,404,172,399,213,379,257,357,299,331,330,298,343,258,348,214,350,172,52,133,59,127,71,128,84,134,96,141,124,144,152,136,182,133,211,137,240,148,106,164,97,188,88,212,78,237,79,255,87,261,98,266,112,262,128,257,67,162,73,153,86,154,97,164,85,167,73,168,162,168,173,160,191,162,208,170,191,174,174,174,90,313,91,302,99,298,109,301,121,298,146,302,175,314,151,329,128,337,115,337,104,335,96,326,97,312,101,310,110,311,122,310,164,313,124,318,112,318,102,315
Training_99633760.jpg,angry,60,183,69,225,82,265,96,304,112,342,135,373,168,396,206,411,250,410,294,404,334,385,368,353,391,312,400,264,400,218,399,168,393,119,58,150,66,128,91,119,119,119,145,127,186,121,213,103,246,93,281,94,314,103,169,153,172,184,175,215,178,246,165,263,178,269,194,270,211,261,227,250,93,164,107,150,127,148,148,161,128,166,108,169,225,149,242,130,264,126,284,135,268,144,247,147,167,327,175,309,194,301,211,302,229,294,262,292,290,300,271,330,243,344,223,350,205,350,184,345,176,325,197,310,214,309,232,304,281,302,237,328,219,332,201,333
Training_99747835.jpg,angry,65,150,70,188,79,225,88,262,98,297,115,329,138,354,165,373,200,379,237,374,269,356,299,332,323,302,336,266,345,226,352,185,356,142,78,133,95,117,122,114,148,118,174,128,209,128,236,116,266,112,295,114,320,129,190,151,190,176,189,202,189,228,167,242,179,247,192,251,207,246,221,240,108,152,123,138,145,138,162,156,143,162,122,162,232,155,247,137,268,136,285,148,271,159,249,160,155,291,167,281,182,274,195,277,208,273,226,278,244,288,226,299,210,304,197,305,183,305,168,301,162,291,182,287,196,288,208,286,237,288,209,288,196,290,182,289
Training_99878127.jpg,angry,112,188,114,225,117,262,124,298,142,329,169,354,203,373,239,387,274,388,303,379,318,353,329,325,336,294,342,265,348,236,350,210,346,184,163,164,184,150,208,146,233,148,257,157,293,156,308,146,324,141,340,141,348,153,279,178,284,199,290,220,296,243,259,260,273,265,288,268,299,263,307,255,189,185,204,176,221,174,233,184,220,190,203,191,295,181,308,169,323,168,332,176,325,184,310,185,230,307,250,299,270,293,282,296,292,290,303,293,309,301,303,315,294,323,283,326,269,326,249,322,239,307,269,306,282,306,292,304,303,302,293,305,282,308,269,309
Training_99577018.jpg,angry,68,117,75,173,82,229,97,280,125,323,161,360,203,387,245,404,287,406,320,397,339,363,353,318,364,274,375,232,383,193,383,153,379,114,131,45,157,14,192,0,231,2,265,21,305,24,328,11,354,11,375,23,381,51,294,77,300,106,307,136,314,168,265,200,284,204,302,209,315,204,327,199,168,91,190,79,213,79,232,94,212,99,189,98,315,97,336,85,354,86,365,100,354,105,335,103,212,278,243,248,278,237,296,241,313,237,329,249,334,271,326,311,311,330,293,333,273,331,240,316,220,276,277,251,295,252,312,251,326,273,311,307,293,311,275,310
Training_99667913.jpg,angry,0,149,6,200,15,248,28,294,49,337,79,373,117,399,159,413,204,417,245,409,274,388,299,358,318,323,333,286,342,246,349,203,355,158,49,118,75,93,112,81,150,83,186,94,224,95,256,87,290,87,321,101,338,127,204,123,205,151,207,179,209,209,165,233,185,237,206,241,225,237,242,232,88,128,108,115,132,114,151,131,129,133,107,133,245,134,266,120,288,121,305,136,287,139,266,137,135,315,156,286,185,275,206,279,224,275,246,285,257,312,248,336,229,352,209,355,186,353,158,338,143,313,185,289,207,290,224,289,250,310,227,332,209,335,187,332
Training_99982465.jpg,angry,-7,106,-3,161,6,215,21,265,45,311,80,351,119,385,172,405,222,407,264,398,292,363,310,318,329,272,342,224,349,173,347,123,340,74,33,119,65,110,102,114,137,125,170,139,233,124,256,100,280,81,308,66,334,65,206,162,213,202,220,241,226,281,179,281,201,292,225,301,244,289,257,274,74,159,99,150,128,148,152,167,127,174,99,173,243,152,267,128,294,119,312,123,300,145,273,152,130,321,163,317,197,316,221,319,241,312,266,308,290,305,271,348,246,372,222,379,198,378,162,363,141,324,198,327,221,329,242,324,280,310,242,348,220,356,197,355
Training_99744727.jpg,angry,68,165,58,190,54,221,53,252,55,283,62,312,72,340,87,364,112,373,148,374,191,366,234,353,274,331,307,302,323,265,328,227,332,189,65,119,71,109,84,110,98,116,111,125,145,129,173,124,201,122,230,130,253,146,122,154,113,174,102,195,92,215,84,235,93,242,104,246,119,246,134,243,80,149,86,140,101,143,111,154,100,158,86,157,170,164,182,153,201,156,217,166,200,172,182,171,81,286,88,276,97,273,106,278,117,276,138,284,162,297,137,302,117,304,104,302,95,301,87,295,85,285,97,286,105,288,117,289,154,296,117,286,105,285,96,282
Training_99949469.jpg,angry,18,111,7,151,1,194,-1,236,-1,283,6,327,26,366,59,392,105,405,161,405,219,395,273,375,319,346,354,307,376,261,392,212,406,164,33,56,54,39,81,37,109,43,132,57,190,62,226,52,264,51,300,63,324,89,148,94,139,108,128,124,118,141,97,183,108,188,120,190,138,191,156,191,53,100,71,88,92,90,109,105,89,104,68,103,207,111,228,98,251,102,272,117,249,115,227,114,62,280,73,241,99,225,114,229,134,227,169,248,195,290,166,320,130,331,109,331,91,329,69,315,71,280,98,247,114,247,133,248,185,289,132,309,112,309,95,308
Training_99819558.jpg,angry,13,160,10,207,9,253,11,299,22,341,46,374,80,397,121,410,165,414,208,416,247,412,281,398,304,375,321,344,335,309,347,273,354,235,66,99,95,79,130,73,165,81,195,101,268,116,298,110,329,116,354,132,367,161,224,149,221,172,219,194,217,217,172,245,188,250,205,258,222,257,239,255,96,141,119,127,144,132,167,155,140,153,114,149,258,176,282,160,308,165,325,185,305,187,280,182,111,304,147,285,179,278,198,285,216,283,236,299,253,329,229,331,207,331,188,329,167,324,140,315,124,303,175,299,195,303,213,304,242,323,212,309,193,306,173,303
Training_99589955.jpg,angry,42,198,47,234,53,266,63,297,81,324,104,348,128,370,154,389,184,394,216,387,247,371,277,350,304,323,321,290,328,253,330,216,330,177,54,167,72,157,94,155,118,159,139,168,186,169,210,159,236,152,264,151,291,159,167,193,169,214,171,235,173,257,148,272,161,276,175,279,190,274,203,271,84,192,100,188,117,188,134,198,116,199,99,198,210,196,225,186,242,185,262,188,245,193,227,196,124,304,143,301,163,298,179,300,193,296,216,297,240,299,218,326,197,338,181,341,163,339,143,329,131,307,163,306,179,307,194,305,233,302,195,323,179,325,163,324
Training_99942480.jpg,angry,82,101,65,138,55,179,46,221,40,266,43,310,54,347,72,378,105,394,150,404,206,402,261,395,307,376,344,347,370,311,392,271,411,228,97,81,123,77,148,89,170,104,188,124,246,140,281,139,315,145,344,159,366,179,204,151,190,174,176,196,162,219,134,229,142,240,153,248,172,251,190,252,115,120,135,114,156,121,168,141,147,140,126,134,253,173,278,166,300,175,316,194,294,195,272,188,98,288,115,276,134,274,144,283,161,284,180,302,200,329,168,330,143,325,126,320,114,313,102,303,107,288,128,290,140,296,156,300,189,324,151,305,135,301,123,295
Training_99779776.jpg,angry,124,122,130,157,138,189,149,222,164,255,184,282,208,304,237,318,271,317,301,307,324,282,343,251,352,222,356,192,358,161,359,129,358,97,135,107,146,86,169,76,194,73,219,77,257,74,279,64,303,61,325,67,341,83,241,97,241,119,241,142,241,166,222,183,234,187,248,191,261,184,272,176,160,115,172,103,189,101,206,108,190,115,174,117,274,100,289,88,306,87,320,95,308,102,291,103,209,250,220,228,236,218,251,220,266,215,285,220,300,237,291,252,273,262,258,265,243,266,225,259,216,247,238,229,253,229,268,226,292,236,270,246,255,249,241,249
Training_99966135.jpg,angry,25,197,32,237,43,275,54,312,68,349,94,378,133,395,175,403,220,404,261,397,297,381,331,358,354,325,363,284,367,242,369,201,368,159,44,164,65,142,95,132,129,129,162,134,210,125,242,114,275,108,308,113,334,131,193,152,195,174,198,196,200,218,168,248,185,251,203,252,220,247,235,241,81,174,99,158,124,154,147,166,126,174,101,178,237,157,256,139,280,138,301,149,284,157,260,159,155,319,171,297,190,285,204,288,220,282,240,289,260,306,244,319,227,326,210,329,195,330,175,328,164,315,191,298,206,298,222,295,250,304,223,306,207,309,193,310
Training_99588209.jpg,angry,-3,88,-5,150,-1,206,0,263,9,313,31,356,67,386,114,404,165,412,217,411,267,401,308,380,339,345,363,302,376,252,392,201,402,148,27,72,66,60,110,67,150,79,186,98,266,108,305,101,343,100,379,104,403,123,224,133,222,173,220,212,218,252,157,259,181,272,206,282,231,277,254,270,69,109,100,108,128,111,150,125,123,123,94,120,279,139,307,132,334,137,356,145,332,148,306,145,122,335,150,332,177,331,196,341,218,336,239,345,257,356,233,362,208,363,185,362,164,358,141,352,133,337,174,343,194,348,215,348,245,354,212,338,190,338,170,333
Training_99957517.jpg,angry,4,163,12,212,23,257,39,301,60,341,92,375,133,398,181,408,225,404,262,398,287,376,307,347,319,311,324,272,328,233,331,193,329,152,53,132,77,112,110,102,145,105,179,115,239,113,262,100,287,94,311,97,327,114,211,156,217,186,223,215,228,246,190,271,206,274,223,276,236,272,247,266,93,166,113,155,137,153,157,166,136,175,112,175,242,162,262,147,284,145,301,153,287,165,264,167,160,332,184,320,207,312,224,316,237,310,255,314,271,323,259,342,243,351,227,355,209,355,185,349,172,332,207,328,224,329,238,325,262,324,239,327,225,331,208,330
Training_99946015.jpg,angry,-7,155,-4,202,0,251,11,296,34,336,70,368,112,390,156,405,197,406,233,400,260,376,289,350,312,316,327,277,335,238,339,195,342,153,59,123,91,109,125,104,158,108,188,119,240,118,263,106,289,101,314,103,329,122,214,158,216,184,218,210,220,236,180,257,196,261,213,264,227,261,240,255,95,158,116,145,141,146,161,166,138,168,114,166,242,164,258,144,282,141,300,153,285,162,261,165,141,315,164,291,192,281,210,286,226,280,244,290,254,313,243,341,225,356,207,360,188,358,162,342,150,314,192,298,209,299,225,298,245,312,225,332,208,335,190,333
Training_99770811.jpg,angry,25,67,34,120,46,169,56,214,73,257,98,293,131,324,167,349,206,359,244,353,274,325,300,288,320,249,333,206,342,162,351,116,357,68,48,53,75,35,108,29,142,32,175,40,246,43,275,36,303,31,332,32,353,50,211,76,212,105,212,132,213,161,172,176,191,182,211,189,229,182,246,175,89,79,112,70,136,70,158,84,134,87,110,87,254,84,275,71,298,70,319,80,300,88,276,88,139,255,161,225,190,213,209,217,228,213,252,225,266,257,253,295,230,311,210,313,189,310,160,293,149,255,189,230,209,231,228,230,256,256,230,286,211,288,191,285
Training_99734462.jpg,fear,16,107,24,165,35,220,48,275,68,325,94,370,126,408,168,430,211,437,254,430,295,409,324,368,345,317,358,263,371,208,383,150,388,88,40,55,63,35,94,27,125,30,155,41,247,35,278,21,311,15,344,23,368,47,202,93,203,126,204,159,205,192,173,224,188,228,206,231,223,226,240,220,77,103,98,80,128,80,151,108,125,118,95,117,250,101,271,73,302,70,324,91,306,107,276,110,139,327,157,287,189,266,211,270,231,263,264,281,285,320,270,380,237,406,213,410,189,407,156,384,149,326,189,287,211,286,231,285,274,321,235,371,213,375,189,373
Training_99979234.jpg,fear,38,172,43,211,52,250,63,285,82,315,110,337,145,350,177,360,211,361,245,353,276,340,308,324,333,301,348,271,355,236,357,200,357,160,58,149,80,130,111,122,144,121,176,127,225,127,253,119,283,116,311,120,333,134,199,157,200,181,202,206,203,232,161,252,181,258,203,262,224,255,243,248,89,168,109,163,129,161,149,168,129,170,109,172,245,163,262,154,283,154,303,156,285,163,265,164,136,296,165,294,190,292,205,295,222,290,246,292,271,290,248,300,225,304,207,306,191,306,166,304,146,296,189,303,205,304,222,301,261,292,224,287,206,290,190,289
Training_99602184.jpg,fear,-9,156,2,211,17,263,36,312,60,355,97,393,144,414,199,427,248,429,290,420,330,396,358,362,378,317,387,265,394,212,399,158,396,104,33,114,63,97,99,95,135,102,169,117,229,108,263,89,298,77,335,79,362,95,206,145,211,184,216,223,221,262,185,282,205,288,224,292,241,285,255,276,76,151,98,135,127,134,151,155,127,164,98,164,257,148,278,124,308,120,332,134,316,151,286,154,161,351,183,334,207,323,226,328,244,321,270,330,290,343,276,370,255,379,235,382,215,381,189,373,172,351,210,344,228,345,247,344,280,345,249,347,230,349,212,348
Training_99878816.jpg,fear,104,189,105,221,111,255,123,286,137,318,156,352,176,380,198,400,233,402,279,398,321,381,356,353,384,317,398,273,400,225,395,177,386,132,95,145,103,133,119,128,138,129,155,135,189,131,214,118,243,113,273,115,304,123,178,168,176,198,173,227,171,255,162,271,173,277,188,280,205,274,222,267,121,170,128,157,144,158,161,170,145,175,130,175,226,161,237,142,257,139,278,145,262,157,243,161,162,306,167,301,178,301,194,304,210,299,240,298,275,303,247,322,221,327,203,328,187,326,174,319,166,306,182,309,197,311,213,309,265,304,216,315,198,316,183,312
Training_99850757.jpg,fear,38,134,41,179,54,221,69,261,88,299,115,332,143,360,171,385,209,390,250,380,287,354,323,324,355,286,376,244,385,196,391,146,392,95,42,98,64,87,90,89,117,93,143,101,207,93,238,80,270,71,305,65,339,71,178,138,177,175,176,212,175,249,145,257,162,265,181,271,204,263,225,254,69,143,92,144,115,143,138,147,115,152,91,153,234,141,258,135,281,132,305,129,285,142,261,144,135,301,152,294,169,290,187,295,206,290,230,292,259,298,234,320,211,330,191,333,172,331,153,320,145,302,170,305,188,307,207,304,248,299,208,305,189,308,171,305
Training_99811431.jpg,fear,55,164,61,212,70,260,80,304,95,346,118,383,148,412,187,427,230,429,272,422,307,403,331,369,348,331,363,291,380,249,393,203,401,157,75,116,98,98,128,95,157,104,185,117,272,116,300,105,328,100,357,103,380,118,231,155,232,177,234,200,235,222,204,255,218,258,232,260,247,258,260,254,108,157,128,134,160,135,183,162,158,171,127,171,273,162,297,133,328,133,348,155,331,169,300,170,173,344,192,310,219,294,234,296,249,293,274,308,291,341,276,378,252,396,234,398,217,397,191,380,184,343,219,315,234,314,249,314,280,340,250,367,234,369,218,367
Training_99814660.jpg,fear,27,155,26,199,32,243,41,287,53,328,71,366,100,393,141,405,190,406,239,406,282,396,314,372,335,338,350,298,360,254,367,212,369,170,56,110,76,91,106,84,138,87,163,102,218,107,247,96,280,94,311,102,333,120,196,141,197,170,198,198,199,226,163,251,178,257,195,261,212,258,227,253,85,143,104,131,130,132,150,150,128,155,102,155,238,153,258,137,284,139,303,152,286,161,261,160,133,327,153,308,176,299,192,304,211,300,234,311,250,333,234,352,211,361,191,363,172,361,150,351,144,328,175,318,192,319,211,319,239,332,210,334,191,336,174,334
Training_99777893.jpg,fear,37,166,37,207,43,249,49,290,57,332,74,370,102,398,140,415,184,418,227,417,269,405,302,382,326,348,343,310,355,270,364,227,370,183,55,144,78,122,111,120,144,126,176,137,214,137,249,126,283,122,318,126,345,147,195,162,194,194,192,226,190,258,159,279,175,285,191,289,207,286,222,281,88,162,106,147,131,148,149,167,128,174,104,174,242,169,261,151,287,150,305,165,288,175,263,175,134,347,153,339,174,333,189,339,206,334,228,340,249,349,228,365,206,369,188,370,171,368,152,362,143,348,173,346,189,349,206,346,242,350,207,350,189,351,173,349
Training_99867518.jpg,fear,9,101,13,160,19,218,39,274,69,323,109,366,147,404,189,434,236,441,280,426,320,389,353,348,382,305,403,255,409,199,409,141,409,79,42,84,70,69,104,73,137,87,161,107,202,108,236,89,274,81,311,84,343,95,189,144,186,184,185,225,184,265,141,266,166,281,195,290,223,277,248,263,77,132,100,125,123,129,145,144,122,144,98,141,237,145,259,130,283,130,308,137,286,143,263,145,135,317,158,310,187,309,207,313,229,306,269,304,305,308,279,363,245,391,221,397,199,395,167,369,147,321,189,320,209,321,232,317,294,313,240,368,216,373,196,368
Training_99874738.jpg,fear,-12,168,-7,215,-1,260,10,300,31,339,64,368,106,390,149,401,193,404,231,398,260,379,289,352,311,319,324,282,335,244,341,204,344,163,41,141,69,127,102,118,138,114,174,117,223,113,253,109,282,110,309,117,328,133,200,153,202,177,205,201,207,226,167,250,185,254,203,258,220,253,234,247,79,162,102,149,128,148,148,165,126,169,102,169,236,161,257,144,280,143,298,156,282,164,259,165,129,317,154,292,185,282,204,286,224,282,247,291,263,318,246,342,225,352,203,354,183,352,153,342,139,316,184,297,204,298,224,297,253,317,224,330,203,331,184,330
Training_99746168.jpg,fear,105,184,101,218,105,254,116,288,128,322,140,355,154,384,172,403,202,409,244,410,295,400,341,379,378,346,398,303,403,252,405,201,404,150,86,116,92,104,105,103,120,107,133,116,178,110,206,97,239,93,272,99,301,115,156,160,149,192,141,223,133,256,130,276,141,283,155,286,171,282,188,277,105,164,114,150,134,150,150,168,133,173,114,174,211,165,228,145,251,144,272,158,254,169,232,170,150,337,145,325,152,319,161,324,173,320,202,327,233,337,209,353,185,361,171,362,161,360,153,351,155,337,156,336,164,337,177,337,222,337,179,338,167,338,158,336
Training_99735235.jpg,fear,29,132,33,174,40,216,52,255,70,291,99,322,134,347,170,365,205,368,237,359,263,336,288,309,307,277,319,242,326,204,331,165,333,126,73,134,98,127,123,125,150,129,173,139,224,133,244,120,267,111,290,108,311,114,201,159,204,187,207,216,209,245,179,259,193,264,207,268,221,263,232,256,106,159,124,151,145,150,161,163,144,166,124,166,230,157,246,142,265,139,282,145,269,155,250,158,149,297,172,292,192,289,206,293,221,289,238,290,255,293,238,309,221,318,206,320,191,319,171,311,158,298,192,298,206,300,221,298,247,295,220,298,206,301,192,300
Training_99837913.jpg,neutral,41,125,38,165,39,205,43,242,56,277,80,305,107,327,133,345,161,355,188,355,212,344,236,326,257,302,276,277,292,249,305,218,312,185,86,112,107,100,134,97,160,104,181,118,239,124,261,118,285,118,306,129,315,149,207,157,205,181,204,205,203,230,169,246,181,250,193,255,206,255,218,253,113,147,131,143,149,146,162,159,145,161,127,158,237,171,256,163,273,166,285,175,272,180,254,178,138,285,162,282,181,280,189,284,200,283,210,291,219,301,205,304,192,305,182,304,172,301,156,294,146,286,177,293,187,296,197,297,212,300,195,287,185,286,176,283
Training_99768823.jpg,neutral,12,174,16,214,24,254,32,294,46,332,72,365,110,388,153,403,199,406,242,401,280,386,312,361,334,325,345,284,352,243,358,199,359,155,49,128,70,107,100,94,133,91,163,101,213,101,242,85,276,80,307,90,329,114,191,141,193,169,195,198,198,227,163,252,179,257,196,260,211,255,225,250,86,163,107,160,127,157,148,158,127,165,107,167,230,155,254,151,274,151,295,153,275,159,254,159,137,316,161,300,180,292,195,296,212,291,232,299,253,313,233,327,214,332,197,334,179,332,160,326,149,315,180,307,196,309,212,307,242,313,212,310,196,312,180,310
Training_99653264.jpg,neutral,52,165,55,205,62,244,70,282,82,318,99,352,125,381,155,400,194,404,233,400,267,382,295,355,316,321,330,284,342,245,350,204,354,161,61,149,78,126,107,120,138,121,166,130,210,125,241,113,273,110,304,117,324,139,190,154,190,177,190,200,189,224,159,250,173,254,189,257,205,254,220,250,97,165,114,156,136,155,157,165,137,172,115,174,226,165,248,153,269,153,288,161,271,171,248,171,140,322,154,307,174,298,187,302,203,298,224,307,242,322,226,346,205,353,188,355,172,353,154,344,149,321,174,315,188,316,203,314,232,322,203,325,188,326,173,325
Training_99607044.jpg,neutral,21,162,34,207,48,249,63,289,86,324,119,348,160,363,197,377,229,379,259,368,288,348,318,326,340,297,352,260,358,220,364,177,366,134,58,142,81,121,114,114,147,115,179,125,219,121,249,107,282,99,317,101,342,120,204,160,207,181,210,202,213,224,185,253,200,253,215,252,229,250,243,247,98,170,118,158,142,156,159,174,141,182,117,181,248,165,262,145,286,142,307,152,291,166,266,169,168,312,187,296,204,285,217,287,228,282,245,290,263,302,249,321,234,330,222,333,208,332,189,326,179,310,205,297,218,297,230,294,253,302,231,309,220,312,206,311
Training_99672252.jpg,neutral,43,176,48,220,58,261,70,299,88,336,111,368,141,391,176,404,220,404,263,401,295,383,320,353,339,315,350,274,355,231,357,187,355,142,62,133,80,116,104,111,131,111,158,118,216,114,244,100,274,93,304,93,328,109,191,148,193,179,195,210,197,241,171,263,186,266,202,269,217,263,232,257,91,159,107,149,128,147,149,158,128,163,108,164,238,150,256,136,278,132,297,140,280,149,259,151,148,320,165,306,187,299,207,301,224,295,249,297,271,307,255,333,232,347,212,350,191,350,168,342,157,320,189,316,208,315,226,312,262,308,228,322,209,325,190,326
Training_99504759.jpg,neutral,18,134,16,178,18,226,24,268,35,310,55,350,86,380,126,399,176,403,224,400,263,382,293,354,314,321,326,283,337,245,347,206,354,167,67,126,87,109,116,103,146,107,172,121,234,119,265,108,295,109,321,120,334,142,201,158,198,190,195,223,192,255,154,259,170,270,189,278,210,272,228,262,98,159,117,153,138,154,157,163,138,167,116,166,241,166,263,159,284,162,298,170,283,174,263,174,129,308,154,299,174,296,190,301,210,297,229,301,245,309,226,314,207,316,186,317,168,315,150,314,138,308,173,311,189,312,210,310,235,309,209,299,188,300,172,299
Training_99691598.jpg,neutral,33,187,34,230,36,272,41,314,55,351,81,380,117,397,156,405,199,404,244,406,283,398,317,378,340,349,354,312,362,273,367,232,368,192,69,122,91,100,123,95,155,101,186,114,234,116,265,103,298,99,328,106,347,131,208,150,209,172,209,195,210,218,170,247,188,251,208,255,226,252,244,248,101,161,119,150,141,149,161,162,140,166,118,167,253,165,274,152,297,155,314,167,296,172,274,170,142,307,169,293,191,285,207,289,222,286,242,294,265,312,241,310,222,307,206,307,188,306,168,306,152,305,190,302,207,304,222,303,254,309,222,289,206,290,190,288
Training_99581423.jpg,neutral,7,173,12,218,21,261,33,302,51,342,82,372,122,390,169,399,217,400,264,397,306,383,341,359,367,325,382,284,390,240,392,195,388,147,52,117,73,98,103,90,133,92,162,101,228,96,253,83,280,76,308,78,334,91,199,140,201,165,203,189,205,214,176,248,191,250,207,251,222,248,235,244,90,160,110,147,133,144,155,155,133,163,110,165,244,148,265,134,288,133,309,141,290,152,267,153,145,313,167,291,193,277,208,280,222,275,246,284,272,301,250,316,228,324,212,326,195,327,170,324,156,311,193,301,209,300,224,299,259,301,225,299,210,301,194,302
Training_99911509.jpg,neutral,32,108,33,156,38,205,41,251,53,294,79,330,113,356,144,383,179,394,219,393,263,376,308,357,347,327,371,286,386,240,399,190,407,137,56,91,80,77,112,81,143,91,171,105,221,111,258,103,296,101,333,106,361,124,195,158,192,184,188,209,185,235,156,258,170,263,184,267,201,267,218,266,88,144,108,138,132,142,147,160,127,166,103,161,250,170,266,156,291,158,313,168,293,180,268,180,142,314,157,305,173,299,183,304,195,302,213,312,233,326,211,336,192,338,179,337,168,334,155,328,151,314,171,313,182,316,193,317,222,323,193,318,181,318,171,316
Training_99435068.jpg,neutral,-1,163,-2,217,0,271,2,323,15,369,47,402,92,418,144,425,196,425,248,423,296,412,337,393,364,359,378,313,382,263,387,212,391,163,18,121,47,99,85,94,124,99,160,114,235,115,273,105,310,102,343,108,363,133,199,151,200,179,201,206,201,234,156,269,178,271,199,275,221,271,241,267,63,165,86,153,114,153,139,167,113,177,84,178,254,168,277,154,304,157,323,168,305,180,279,179,114,347,146,334,179,326,199,332,219,327,245,336,271,352,245,363,218,363,197,363,176,364,143,364,126,347,178,345,199,347,219,346,259,350,217,337,197,339,177,338
Training_99959472.jpg,neutral,16,167,23,210,32,253,45,292,68,325,101,346,140,357,175,366,208,368,238,365,269,358,304,346,328,324,345,293,353,258,358,220,361,183,67,122,95,104,128,98,162,102,192,113,251,120,280,113,309,112,337,123,353,144,222,154,224,173,227,191,230,211,192,240,207,243,223,244,237,244,250,242,107,155,128,142,152,143,171,164,150,167,125,166,257,168,275,148,298,150,316,165,299,173,276,173,165,294,190,281,210,273,221,277,233,274,245,284,259,299,243,305,230,307,218,308,205,307,188,302,174,292,208,286,220,288,231,287,251,297,231,292,220,293,208,291
Training_99889904.jpg,neutral,32,171,42,214,54,255,70,294,97,326,133,349,170,365,204,380,235,384,265,376,292,357,321,336,344,308,361,273,371,235,376,192,378,149,68,132,88,110,118,102,149,103,180,108,234,104,264,95,296,91,327,97,350,117,213,152,216,168,219,183,222,199,195,236,209,235,223,234,235,233,247,232,109,163,127,150,150,148,168,165,150,173,126,173,257,160,272,140,296,138,317,150,300,160,276,163,180,300,197,276,214,260,224,261,234,257,252,271,267,292,255,313,241,323,230,325,217,325,199,316,191,296,216,276,226,276,235,274,257,291,237,301,227,302,216,302
Training_99968496.jpg,neutral,94,227,120,262,150,292,179,320,210,350,239,378,269,401,305,416,344,408,378,389,406,354,425,304,438,249,441,191,434,130,418,69,397,12,62,194,64,171,81,158,107,148,134,142,168,104,194,70,227,44,267,30,311,31,172,154,187,190,200,226,214,262,206,284,224,288,244,286,260,269,273,252,107,208,116,195,135,182,161,176,146,193,127,205,229,126,239,110,260,97,288,86,274,105,252,119,230,348,234,334,247,321,265,318,282,304,310,292,343,284,330,316,314,343,294,355,276,362,254,360,236,346,256,333,274,328,292,316,333,291,297,320,278,332,261,337
Training_99969020.jpg,neutral,78,184,82,218,89,250,97,282,106,311,123,338,145,359,171,374,202,379,232,376,258,361,280,340,296,316,306,288,313,258,319,226,322,194,95,165,111,149,136,147,160,152,182,162,210,162,234,154,259,152,284,155,301,172,197,183,197,206,197,229,197,253,174,265,186,269,197,273,209,270,221,267,123,185,136,176,153,177,166,188,151,192,134,192,229,191,240,181,258,182,271,191,259,197,242,197,154,303,170,298,186,294,198,298,209,295,225,300,240,306,225,318,210,326,197,327,184,325,170,317,161,305,185,307,198,309,209,307,233,307,209,306,198,307,185,305
Training_96356478.jpg,disgust,24,159,24,204,28,246,34,288,46,327,70,360,107,384,148,402,198,406,247,404,288,390,325,369,352,336,365,296,373,253,377,211,378,167,53,137,76,119,106,113,137,119,167,128,236,128,268,121,299,118,329,125,350,144,207,151,206,178,206,205,206,233,166,249,185,256,205,262,225,257,242,251,90,158,111,152,132,152,154,159,133,161,111,162,252,161,275,154,296,156,315,163,297,166,275,164,138,301,163,294,187,290,205,295,225,292,247,298,267,306,247,323,225,329,204,330,185,327,162,318,149,303,187,306,204,308,225,307,257,308,224,305,204,306,186,303
Training_96306068.jpg,disgust,35,209,42,249,52,289,66,328,84,362,109,391,146,408,188,417,234,417,277,411,311,395,337,368,355,332,363,292,367,249,366,208,363,167,67,154,86,135,112,125,141,121,168,129,214,122,240,108,269,103,298,107,322,121,197,153,200,179,204,205,208,231,176,256,194,261,213,264,230,256,245,248,97,175,113,157,135,154,155,170,136,177,114,180,241,159,257,138,280,136,299,149,284,157,263,161,154,333,171,302,197,290,216,291,237,285,265,292,286,314,272,345,246,360,225,364,204,365,176,357,162,331,199,305,218,304,239,301,279,316,242,338,221,342,201,343
Training_99044827.jpg,disgust,44,165,42,204,45,242,48,281,54,319,68,353,93,381,125,398,167,404,214,407,256,402,292,385,317,357,334,320,345,279,356,235,362,190,61,115,80,96,109,90,140,92,167,104,227,105,258,96,291,97,322,108,343,130,193,132,190,159,187,185,183,211,154,232,168,240,181,247,199,246,215,243,90,144,108,132,131,133,152,147,131,150,107,151,238,153,261,141,285,143,301,159,284,162,260,159,125,292,145,279,163,276,177,283,194,284,216,295,240,317,210,324,186,321,169,318,154,313,138,305,135,291,161,291,176,295,192,298,229,313,188,302,172,299,158,295
Training_99947220.jpg,disgust,67,167,64,206,65,243,68,283,76,321,91,356,117,387,151,404,193,404,236,401,275,387,308,362,330,329,342,291,349,254,353,217,356,181,89,139,103,118,126,106,152,107,174,118,215,120,242,109,271,107,298,119,312,141,196,152,194,181,192,208,190,237,161,253,174,259,189,264,206,261,220,256,119,157,132,150,148,151,163,157,148,161,132,162,232,160,250,154,267,155,282,162,267,165,250,165,133,306,153,293,171,290,188,295,206,291,226,299,245,310,223,318,204,319,185,319,167,318,150,315,142,305,171,302,187,305,206,304,237,309,204,305,185,306,169,304
Training_96156747.jpg,disgust,2,120,1,172,9,221,24,271,41,318,62,359,93,385,136,395,185,398,239,400,293,389,338,367,370,328,392,280,402,228,406,173,406,117,10,75,35,52,76,47,117,56,156,74,217,77,258,56,304,46,353,47,392,71,186,104,183,152,179,198,176,243,139,253,159,264,183,272,212,264,237,254,47,107,72,97,104,97,133,113,102,119,71,119,250,112,279,95,312,95,340,106,314,119,281,120,118,324,140,311,166,303,190,312,214,305,247,316,271,338,244,350,212,353,186,353,163,349,139,341,132,324,166,323,190,327,214,326,260,335,212,327,188,327,165,323
Training_99747227.jpg,disgust,35,167,39,209,47,249,55,289,64,326,81,361,109,386,145,401,190,404,236,402,272,390,301,366,320,334,329,295,338,256,347,217,353,176,66,125,90,114,117,113,143,121,166,134,227,137,250,124,276,118,303,121,324,133,196,148,196,174,195,199,195,226,165,241,178,248,194,254,209,249,222,243,96,155,114,147,133,147,152,156,133,158,114,159,238,159,258,150,277,152,294,161,277,162,258,161,130,297,150,281,174,275,193,279,213,276,236,283,254,301,235,318,212,327,191,328,171,326,148,316,139,297,173,293,192,294,212,294,244,301,212,305,191,306,173,304
Training_96155311.jpg,disgust,53,144,51,184,57,224,68,266,82,309,98,348,115,380,139,402,182,408,232,407,281,399,327,375,363,336,385,287,396,235,402,181,403,128,59,80,83,80,104,92,125,100,148,109,214,109,244,99,274,91,305,87,336,89,177,151,173,184,168,217,163,249,142,261,156,273,172,281,193,275,213,267,78,155,97,161,119,160,143,157,119,168,96,168,235,159,260,163,284,166,309,161,285,172,259,172,128,318,142,308,163,303,179,308,198,305,231,314,267,327,233,355,200,362,180,361,162,357,142,346,139,321,164,319,180,320,199,322,253,329,198,335,179,333,163,330
Training_98917043.jpg,disgust,6,72,-1,133,-3,193,-3,253,5,309,34,354,82,384,133,403,189,414,241,416,283,404,320,381,343,348,359,307,374,265,387,223,397,183,88,51,131,31,180,32,224,50,261,76,316,99,346,99,373,105,394,119,399,144,283,116,282,150,283,183,283,218,208,222,232,236,256,251,278,251,296,247,134,81,160,72,186,79,202,104,180,102,154,95,302,137,327,127,350,136,361,159,345,160,322,151,136,273,179,268,218,274,238,286,261,288,280,301,288,322,268,333,243,329,220,323,197,315,164,300,147,276,212,288,234,298,256,302,279,319,249,310,227,305,205,298
Training_97638867.jpg,disgust,50,150,54,194,60,238,67,281,79,321,101,356,130,384,167,404,211,406,257,402,295,381,328,352,354,313,364,269,367,223,371,174,373,127,64,139,85,124,113,122,141,127,173,134,219,131,249,120,278,109,309,103,337,116,195,156,195,187,194,218,193,249,168,262,181,267,197,272,214,265,231,257,105,159,119,146,140,146,159,158,139,164,119,166,241,152,255,137,278,136,296,146,279,155,258,156,151,316,163,304,183,298,202,302,219,296,244,298,264,311,248,334,225,346,205,349,185,348,165,338,160,317,183,315,202,315,220,313,255,312,223,323,204,325,185,323
Training_98173595.jpg,disgust,-2,131,4,180,11,230,21,277,42,318,77,353,116,381,159,404,204,407,245,400,278,373,310,341,337,304,351,260,357,213,361,164,363,114,43,133,69,117,103,112,137,117,169,127,221,118,249,105,279,97,308,98,331,111,196,149,199,181,201,213,204,246,164,258,183,264,203,270,222,262,239,253,90,150,111,142,134,141,152,154,132,157,110,157,236,146,255,131,276,128,293,135,279,144,259,146,132,305,161,299,186,294,204,298,221,292,243,293,267,297,247,319,225,332,206,335,187,335,161,324,143,306,186,307,204,308,222,305,257,300,223,310,205,314,187,312
Training_98416381.jpg,disgust,-9,157,-5,213,0,267,6,318,26,359,62,389,108,399,155,407,200,407,247,410,294,406,337,392,372,361,391,313,398,260,402,201,404,141,6,76,33,48,72,33,113,30,152,38,238,33,280,20,325,22,365,41,388,74,194,87,196,125,198,160,201,196,157,231,178,238,200,242,222,237,243,233,45,112,72,93,106,92,136,112,106,119,72,121,254,107,281,86,315,86,343,103,318,114,284,114,117,329,144,293,179,277,202,282,225,276,262,291,288,324,260,353,226,367,200,368,175,367,142,356,130,326,179,297,202,298,225,298,275,323,225,337,199,340,176,339
Training_98630355.jpg,disgust,35,194,45,233,63,271,84,306,107,339,133,370,163,395,201,410,249,410,299,406,341,391,370,356,391,311,400,260,401,206,390,154,375,104,35,135,47,117,68,111,92,113,114,122,167,108,193,87,223,75,257,70,295,75,150,148,156,184,160,221,165,257,148,278,165,283,186,284,204,273,222,260,64,167,74,145,98,143,123,160,102,170,78,174,209,140,223,114,251,109,276,119,259,134,232,140,158,350,168,333,185,320,202,320,221,309,254,306,285,314,269,332,245,348,224,356,206,361,182,360,165,349,190,337,207,333,227,326,275,317,234,327,215,335,198,339
Training_97690817.jpg,disgust,40,163,47,204,58,242,72,281,90,319,115,351,147,377,183,394,223,395,260,385,290,362,316,333,333,296,343,257,347,218,347,178,342,138,60,138,82,124,112,120,142,120,174,124,236,118,260,106,286,98,313,95,335,106,201,152,202,186,203,219,204,252,171,264,189,270,209,276,229,268,247,258,91,164,112,157,133,154,156,163,134,165,113,166,249,154,268,141,290,138,309,141,293,149,272,152,151,316,170,304,193,298,214,301,234,295,258,297,278,306,263,326,242,337,220,341,198,342,173,335,161,317,194,313,216,314,236,310,269,307,238,316,218,320,196,319
Training_97257456.jpg,disgust,-4,138,-1,189,5,239,14,286,33,328,62,364,103,391,153,406,207,406,260,402,306,384,346,352,374,309,391,260,400,210,404,160,404,108,24,80,45,57,78,51,113,54,146,66,232,61,265,44,299,31,336,32,362,50,193,103,195,138,196,173,198,209,162,228,180,235,201,241,222,232,240,222,70,122,91,111,115,109,139,119,116,123,92,125,252,108,274,93,297,89,319,96,301,103,278,107,134,305,158,291,186,282,206,285,228,279,258,283,286,296,262,332,233,345,209,348,186,348,157,337,145,307,187,296,207,296,230,292,276,299,230,321,207,324,186,324
Training_96859053.jpg,disgust,65,137,62,178,69,220,82,261,95,306,113,352,132,387,159,407,201,410,249,411,300,401,347,375,380,337,399,290,405,239,408,184,408,131,61,99,79,91,104,97,130,107,156,119,223,116,257,105,292,102,325,108,355,121,182,151,178,192,173,232,168,273,140,275,155,290,175,298,198,291,221,284,88,140,105,136,127,138,147,149,125,152,103,151,248,156,269,146,292,149,313,155,293,163,270,162,136,322,151,323,169,326,185,333,208,329,245,332,279,332,249,363,212,373,187,373,168,369,150,355,145,327,168,333,185,338,209,338,269,335,212,355,187,355,168,349
Training_98010375.jpg,disgust,20,102,24,153,30,203,40,253,56,299,80,342,112,376,148,398,196,405,247,404,294,390,331,361,360,321,378,274,391,225,403,172,409,118,42,73,69,57,102,58,136,66,167,79,226,85,263,79,301,78,337,84,366,102,197,117,195,152,193,186,191,221,152,231,170,240,191,248,212,244,234,240,82,105,105,97,130,99,151,117,126,117,102,113,252,128,274,114,300,117,324,129,300,134,275,132,117,295,139,280,170,276,192,284,215,281,248,292,274,313,248,351,214,361,190,359,166,353,135,333,124,297,169,288,192,293,214,293,265,313,214,337,191,336,168,329
Training_97741852.jpg,disgust,32,205,41,246,54,286,68,324,86,361,115,388,155,404,199,413,246,412,292,405,328,387,357,360,374,322,380,279,381,236,379,191,375,147,62,164,82,146,110,140,141,138,172,140,206,129,234,116,265,108,297,107,324,119,194,157,198,184,202,210,206,238,180,270,196,272,214,273,230,267,245,260,97,179,113,165,134,161,155,171,136,177,116,180,238,156,254,139,275,136,296,145,279,152,259,155,166,342,183,323,204,314,221,316,237,309,262,311,286,322,269,337,248,343,230,347,212,348,189,347,175,339,206,328,223,327,240,323,277,323,243,326,226,329,209,330
Training_96754089.jpg,disgust,-9,157,-8,206,-4,253,0,298,11,339,32,373,66,396,109,406,159,409,210,410,265,410,316,400,357,373,384,335,401,292,415,245,427,197,5,81,34,52,76,41,120,44,157,61,246,69,293,62,339,68,378,87,400,120,199,124,196,144,194,162,192,181,146,222,167,225,186,228,207,230,227,230,48,125,78,108,113,111,138,139,107,144,71,140,259,150,292,129,326,132,350,155,327,162,293,160,106,323,130,281,164,261,182,267,205,265,235,290,254,336,230,361,198,366,174,364,152,362,123,353,119,319,162,287,180,287,202,290,241,331,200,339,178,337,158,336
Training_96642479.jpg,disgust,23,165,20,212,20,260,22,303,30,345,47,380,77,403,116,415,164,421,211,422,255,414,290,397,313,368,327,330,338,290,345,247,351,204,68,105,90,82,121,76,153,85,179,102,241,106,268,96,297,95,321,108,331,134,208,133,207,152,207,171,207,191,166,224,180,230,195,236,210,236,223,235,102,145,121,137,141,138,158,147,139,149,119,149,242,160,266,156,284,160,297,174,281,172,263,168,113,316,134,276,166,264,187,271,210,270,235,289,245,333,227,351,199,355,175,354,152,351,124,341,120,313,163,281,184,285,207,287,236,327,202,334,179,334,158,332
Training_96734926.jpg,disgust,30,168,31,211,36,253,41,294,53,333,78,364,116,385,157,400,207,404,256,403,297,391,334,371,359,339,372,299,379,257,384,216,384,172,61,144,84,126,116,121,147,128,178,138,241,136,273,129,305,126,336,132,357,153,212,161,213,188,213,216,213,244,172,259,191,266,213,271,234,266,253,260,98,166,118,161,139,161,160,168,138,170,117,170,261,169,283,163,303,164,323,170,304,174,283,172,148,314,171,307,195,302,214,307,233,302,255,309,275,318,256,334,234,342,214,344,193,341,170,331,158,316,194,316,214,318,233,317,265,319,233,316,214,318,194,315
Training_99827442.jpg,surprise,69,174,68,212,71,251,78,289,90,326,107,357,131,383,155,401,188,407,225,405,266,394,304,376,333,349,356,315,368,276,373,233,377,190,88,119,98,101,117,93,138,93,159,101,214,99,241,91,271,94,297,108,316,129,182,145,176,165,170,185,163,205,149,233,159,238,171,241,186,240,200,239,109,151,123,137,143,138,157,155,141,159,121,159,227,157,244,140,265,141,282,158,266,163,245,162,137,304,140,276,157,267,171,272,188,270,216,286,237,317,219,354,192,366,174,366,157,361,140,342,145,303,158,281,172,283,189,284,228,315,191,343,174,342,158,337
Training_99807705.jpg,surprise,42,193,44,225,51,260,66,292,87,323,109,353,131,383,155,407,188,413,223,406,254,383,283,353,309,318,325,280,330,239,328,196,324,157,47,143,58,129,77,125,98,128,117,135,169,123,195,107,221,98,250,99,274,113,147,159,148,177,148,194,148,212,132,241,146,244,159,245,171,240,183,237,69,173,84,158,106,156,122,172,106,177,85,178,192,160,209,140,231,136,246,149,235,157,215,160,114,301,123,275,148,265,165,266,185,263,219,269,242,291,227,339,196,364,174,368,155,367,128,345,121,302,151,276,167,274,187,273,235,293,191,346,170,350,152,348
Training_99794165.jpg,surprise,31,177,36,215,42,252,51,287,66,320,88,346,124,364,160,378,198,385,237,381,274,368,307,349,327,321,339,286,346,251,354,216,358,180,72,126,94,108,122,101,153,103,180,115,232,118,257,108,286,108,312,118,329,137,206,160,205,173,205,185,205,199,180,235,192,236,205,237,217,238,229,237,106,165,124,149,146,150,163,171,144,178,121,177,244,175,260,155,282,156,299,172,284,183,261,183,159,303,176,280,194,265,204,268,214,266,231,283,245,309,230,322,214,324,203,324,191,322,175,317,170,299,194,281,204,281,213,282,234,304,213,306,203,305,193,304
Training_99576616.jpg,surprise,25,185,26,227,27,270,33,314,46,352,69,384,103,407,148,418,187,422,225,418,262,403,289,376,310,342,325,305,337,264,345,223,346,183,48,122,71,104,100,100,129,106,155,120,228,122,255,110,282,103,309,106,329,124,196,163,197,188,197,213,198,239,167,274,182,277,196,280,211,277,224,273,78,165,97,147,125,149,144,174,121,181,94,179,240,173,258,147,285,146,302,164,289,178,263,180,137,348,159,326,185,314,200,317,215,313,238,325,257,346,239,369,217,377,200,379,183,378,158,370,148,348,185,336,199,336,215,335,247,346,216,352,200,353,185,352
Training_99399304.jpg,surprise,12,159,16,205,25,251,35,296,48,338,71,375,107,399,152,411,200,411,247,411,291,399,324,373,348,336,359,292,368,246,377,200,378,153,51,112,73,92,101,84,131,87,159,99,242,102,269,90,299,85,328,92,349,112,202,141,203,168,205,195,205,222,174,251,188,256,203,260,218,256,232,251,85,149,104,128,132,127,153,152,130,162,101,162,248,152,268,127,297,125,316,145,299,159,271,160,149,333,165,309,187,294,203,300,217,294,238,307,255,332,240,353,219,362,204,364,186,363,165,354,160,332,188,319,203,319,217,318,243,331,218,330,203,332,188,331
Training_99663019.jpg,surprise,55,132,57,178,63,223,72,266,82,308,99,349,122,384,152,409,188,419,227,417,266,399,297,367,323,331,343,292,358,248,370,200,380,151,75,111,97,97,125,97,150,107,175,123,232,124,259,113,287,109,314,114,336,129,202,160,199,189,196,217,193,246,169,260,180,266,193,272,207,269,221,266,109,152,127,140,151,144,169,165,146,169,123,165,241,172,260,154,285,155,302,171,286,180,262,179,133,311,148,291,173,286,190,292,209,290,235,301,253,327,233,369,206,386,186,387,166,381,144,357,140,314,172,299,190,302,207,304,245,328,206,361,188,361,169,356
Training_99404349.jpg,surprise,22,118,30,174,43,228,61,278,87,322,123,360,164,393,210,411,250,414,284,406,306,379,324,338,342,297,356,255,368,211,375,167,374,122,94,77,128,63,164,59,198,63,231,74,296,75,319,65,341,59,364,59,381,70,268,112,274,139,281,166,289,194,247,228,263,229,279,231,289,229,298,225,135,114,160,94,190,92,208,118,186,126,157,126,296,117,317,91,343,90,356,110,345,124,319,124,208,317,232,287,264,270,278,273,290,268,307,283,307,314,303,353,287,374,273,377,256,377,228,358,218,318,262,292,276,291,288,291,299,315,286,344,274,348,259,347
Training_99604118.jpg,surprise,6,119,7,165,14,212,23,257,36,301,57,345,84,381,121,405,170,413,217,407,257,386,290,355,317,318,336,276,351,232,364,186,374,142,39,105,63,89,94,84,127,89,155,102,221,103,253,93,287,94,319,102,341,122,189,139,187,168,185,196,183,226,147,240,163,249,180,255,197,252,214,247,78,129,97,117,124,121,143,141,121,143,95,140,228,148,251,130,277,132,295,147,277,155,252,154,106,300,131,285,160,283,176,289,197,287,224,295,244,312,221,349,192,365,170,365,152,361,125,342,113,303,159,294,175,296,196,297,235,313,193,345,172,346,155,342
Training_99399823.jpg,surprise,23,134,33,181,46,222,57,266,70,308,90,343,119,376,153,400,194,407,238,404,278,386,312,354,339,315,354,268,361,218,365,169,367,118,37,101,54,79,82,70,115,68,148,71,217,69,252,60,285,56,319,63,342,86,186,112,188,141,190,170,191,199,162,229,177,232,194,235,211,231,227,227,73,125,93,108,121,107,142,128,120,137,92,138,235,125,256,102,284,101,305,117,287,131,259,132,142,298,161,283,183,274,196,277,211,273,237,283,261,297,238,326,211,338,195,340,179,337,159,323,154,298,182,292,196,293,211,292,249,298,210,313,194,314,180,311
Training_99267647.jpg,surprise,39,195,39,237,41,279,45,321,52,360,70,388,103,403,142,408,189,409,237,410,278,404,314,391,335,361,344,323,349,281,350,238,349,196,70,143,89,123,118,112,150,112,178,124,225,129,251,117,282,117,310,129,327,153,200,158,201,184,202,211,202,238,168,267,184,272,202,276,218,272,233,267,99,168,116,155,137,154,156,168,136,171,116,172,241,171,261,159,281,159,297,173,281,177,261,175,137,333,162,319,183,314,199,317,214,314,231,319,250,335,231,334,213,332,197,332,181,332,161,334,145,330,182,324,199,325,214,324,243,331,213,321,198,322,182,322
Training_99066709.jpg,surprise,49,179,53,212,59,246,66,279,82,306,108,327,142,340,176,351,209,356,238,352,262,336,279,310,290,277,301,245,311,215,315,181,313,149,87,125,107,108,132,98,161,97,188,104,227,107,249,97,274,96,295,105,310,119,210,127,213,143,216,159,219,176,194,208,206,210,218,212,227,210,236,207,119,137,136,122,156,120,171,137,154,142,135,142,236,138,251,121,271,121,283,135,272,141,253,142,167,267,190,253,212,245,223,248,232,246,249,253,265,263,248,271,232,273,222,273,210,273,189,273,175,266,210,259,222,261,232,260,258,262,232,259,222,259,210,259
Training_99182527.jpg,surprise,65,144,69,185,75,225,81,264,96,303,119,338,141,373,167,401,200,410,236,408,273,391,303,363,331,331,353,295,364,254,368,208,369,162,81,113,98,100,122,98,146,101,169,112,232,113,259,100,288,97,315,105,337,121,197,155,198,187,197,217,197,248,165,253,180,261,198,269,216,264,233,256,108,148,126,138,147,140,164,159,143,160,122,157,242,164,262,147,284,145,303,158,285,166,263,167,126,290,149,282,179,282,198,286,218,283,252,287,277,297,252,349,217,371,195,373,173,368,146,343,132,295,178,289,198,293,217,292,271,300,217,352,197,355,175,349
Training_99104204.jpg,surprise,65,134,70,173,78,211,90,246,109,276,133,303,157,327,183,349,211,353,237,345,258,320,280,293,301,263,315,231,322,195,327,157,328,118,84,111,101,100,125,103,146,111,167,124,229,124,248,110,270,100,292,96,311,103,199,159,201,186,203,212,204,238,181,251,193,255,206,259,218,253,229,247,110,154,127,145,149,147,165,164,145,170,124,168,235,162,250,144,272,140,288,148,275,163,254,167,159,281,179,282,196,281,207,284,218,280,235,279,254,276,237,302,221,315,209,318,196,317,178,306,167,285,196,291,208,292,218,290,246,281,219,298,208,301,196,299
Training_99279802.jpg,surprise,46,176,49,216,58,254,73,290,91,325,111,358,136,387,167,404,203,410,243,407,282,395,315,371,341,337,358,298,371,252,379,206,382,159,57,123,71,103,96,97,124,100,150,110,213,105,245,91,281,86,316,92,344,112,182,150,181,171,178,193,176,214,156,249,169,253,183,255,199,253,214,250,88,163,103,148,127,147,146,164,126,171,103,172,238,160,257,141,283,140,305,154,286,165,260,166,151,332,159,304,174,289,185,293,198,289,224,304,246,333,229,359,205,369,191,370,178,368,162,356,163,330,176,308,187,308,199,308,234,330,202,343,189,344,177,342
Training_99106305.jpg,surprise,-6,145,2,198,13,250,28,300,48,347,77,388,119,415,170,425,218,428,266,425,318,412,357,380,382,335,396,286,403,235,406,180,408,125,26,73,49,40,83,21,123,14,163,23,225,19,263,5,306,8,342,27,370,62,199,91,200,117,200,142,201,169,171,214,186,218,203,221,219,218,235,214,74,118,95,101,122,97,148,114,122,123,96,123,257,113,282,96,309,97,332,114,309,122,282,121,141,321,159,285,187,265,204,269,218,264,247,285,268,324,248,360,222,373,204,375,186,372,159,357,152,321,188,286,204,287,218,286,256,322,220,348,204,347,186,346
Training_99984132.jpg,surprise,-4,125,-3,177,0,231,10,281,30,326,59,365,98,395,140,409,183,414,224,413,262,399,295,374,321,338,341,297,356,252,368,205,376,159,40,59,66,34,101,25,139,30,173,48,240,56,273,48,305,51,332,65,347,91,204,108,202,132,201,154,200,178,158,214,175,223,195,229,214,227,231,224,80,110,102,97,129,99,151,119,127,125,99,123,245,133,268,118,294,122,311,139,294,148,268,145,129,318,151,286,177,275,191,281,211,280,231,299,244,336,230,361,207,370,187,369,169,364,146,349,138,317,175,290,190,293,208,295,234,333,209,348,189,347,173,343
Training_99113691.jpg,surprise,22,171,26,215,32,260,45,302,67,338,97,370,128,393,159,409,192,413,222,406,243,383,260,352,277,319,294,288,306,254,314,220,317,184,58,137,81,118,110,107,143,104,172,115,227,116,252,107,280,111,302,120,316,139,198,165,199,185,201,205,203,227,163,253,180,258,198,262,214,258,228,253,88,172,109,159,132,158,151,175,130,183,107,183,230,173,249,156,272,157,288,170,273,180,251,180,129,318,152,299,180,288,197,292,213,288,235,299,250,318,236,354,215,371,197,375,178,373,151,357,139,319,180,298,196,299,213,298,241,319,214,354,196,357,179,356
Training_99233432.jpg,surprise,47,191,45,234,48,277,59,316,76,353,98,387,126,416,157,435,191,442,225,438,260,420,292,392,319,360,341,324,355,284,361,240,362,196,69,130,83,102,110,87,140,87,167,99,221,97,251,85,282,85,310,100,326,128,197,154,196,181,195,206,194,234,164,265,178,269,194,273,210,269,224,266,97,167,114,153,138,154,156,171,136,178,113,178,239,169,258,151,281,151,296,165,282,175,260,176,144,349,158,324,181,311,194,315,209,311,234,325,251,352,235,385,212,400,194,402,179,400,157,384,152,349,181,327,194,328,209,327,242,352,211,376,195,379,180,377
Training_99916297.jpg,surprise,71,151,68,186,68,221,74,260,84,298,97,338,114,372,136,400,172,406,219,406,272,397,323,378,367,348,396,308,407,260,413,211,418,160,69,102,87,94,108,99,128,106,149,117,217,116,249,104,283,98,318,99,353,109,178,150,170,173,160,195,151,218,139,247,153,254,167,257,186,254,206,251,93,152,107,140,129,140,148,153,128,161,106,161,245,153,266,138,291,139,315,150,292,160,267,160,126,311,137,301,156,296,169,300,185,296,216,303,249,316,218,337,186,349,169,350,154,347,137,334,135,312,157,312,170,313,186,312,237,316,185,325,169,327,156,324
Training_99937001.jpg,surprise,60,176,55,217,56,257,65,296,79,331,92,367,109,401,130,416,162,425,195,426,226,415,250,393,272,366,293,338,310,306,321,271,328,236,91,111,111,92,136,86,161,89,185,104,243,114,270,109,296,115,317,130,326,158,208,153,206,169,203,185,200,202,167,240,179,244,193,248,208,249,222,248,104,155,123,141,147,143,164,166,142,171,118,168,243,179,263,163,287,168,300,189,284,196,261,192,130,328,145,296,173,281,186,286,199,286,221,307,229,349,215,384,192,399,177,398,161,393,138,372,139,328,171,301,185,303,196,305,221,346,194,373,181,372,167,368
